city_name,city_section_name,city_zip,lat,lon,city_headline,city_subhead,city_text,city_image,user_address,default_distance,wiki_page,city_page,wikimedia_page,youhealit_page,batch_number,page_image
Durham,Downtown,27701,35.9955684,-78.9002077,Downtown Durham Physical Therapy,"Serving residents of Downtown Durham","<article><p>Physical therapy is the foundation of rehabilitation services at the Health Center of the Triangle, North Carolina, providing comprehensive movement restoration and pain relief solutions for Downtown Durham residents. Expert physical therapists utilize evidence-based treatment approaches to address musculoskeletal injuries, post-surgical recovery, and chronic conditions through personalized therapeutic interventions.</p><p>The growing community of Downtown Durham benefits from increased access to specialized physical therapy services that address the unique lifestyle demands of urban living. Professional practitioners understand the physical stresses associated with modern work environments and provide targeted treatments for desk-related injuries, repetitive strain conditions, and posture-related dysfunction.</p><p>Advanced physical therapy techniques include manual therapy, therapeutic exercise, neuromuscular re-education, and functional movement training designed to restore optimal physical function. Treatment protocols address orthopedic conditions, sports injuries, workplace injuries, and age-related mobility challenges through individualized rehabilitation programs that promote lasting recovery.</p><p>Comprehensive treatment services encompass post-operative rehabilitation, chronic pain management, balance training, fall prevention, and ergonomic assessment. State-of-the-art rehabilitation equipment supports accelerated healing while patient education programs empower individuals to maintain progress and prevent re-injury through proper movement mechanics and self-care strategies.</p><p>The integration of traditional physical therapy with cutting-edge rehabilitation technology creates a comprehensive treatment environment that supports both acute injury recovery and long-term wellness maintenance. Evidence-based practice protocols ensure each patient receives the most effective interventions supported by ongoing outcome measurement and treatment optimization.</p><p>Community outreach programs extend beyond individual treatment sessions to promote injury prevention and healthy movement patterns throughout Downtown Durham. Educational workshops and wellness seminars help residents understand proper body mechanics and develop strategies for maintaining physical health in urban environments.</p></article>",durhamdowntown-physicaltherapy.webp,"Health Center of the NC Triangle, NC",12,https://en.wikipedia.org/wiki/Durham,_North_Carolina,https://www.durhamnc.gov,https://commons.wikimedia.org/wiki/Category:Durham,_North_Carolina,/north-carolina/durham-27701.0/downtown/physical-therapy,3,durhamdowntown-physicaltherapy
Raleigh,Downtown,27601,35.7796,-78.6382,Downtown Raleigh Massage Therapy,"Serving residents of Downtown Raleigh","<article><p>Massage therapy provides essential wellness services at the Health Center of the Triangle, North Carolina, offering therapeutic bodywork and stress relief solutions for Downtown Raleigh's dynamic professional community. Licensed massage therapists deliver diverse treatment modalities designed to address physical tension, promote relaxation, and support overall health optimization.</p><p>The bustling environment of Downtown Raleigh creates unique stress patterns that respond effectively to professional massage therapy interventions. Urban professionals benefit from targeted treatments that address work-related tension, postural imbalances, and the physical demands of fast-paced business environments through evidence-based bodywork techniques.</p><p>Professional massage therapy techniques include Swedish massage, deep tissue work, trigger point therapy, and myofascial release designed to reduce muscle tension and improve circulation. Specialized therapeutic approaches address chronic pain conditions, sports injuries, stress-related disorders, and mobility limitations through targeted manual therapy that promotes natural healing processes.</p><p>Comprehensive treatment options encompass prenatal massage, geriatric massage, and medical massage services tailored to specific health conditions and individual therapeutic needs. Advanced modalities such as hot stone therapy, aromatherapy, and lymphatic drainage complement traditional massage techniques to provide enhanced therapeutic benefits and deeper relaxation experiences.</p><p>The integration of massage therapy with other wellness services creates holistic treatment plans that address multiple aspects of health and wellbeing. Therapeutic environments provide peaceful sanctuaries where clients can disconnect from urban stressors and focus on healing, renewal, and personal wellness optimization.</p><p>Evidence-based practice protocols ensure that each massage session delivers maximum therapeutic benefit while maintaining the highest standards of professional care and client safety. Community wellness programs promote the benefits of regular massage therapy as part of comprehensive health maintenance strategies.</p></article>",raleighdowntown-massagetherapy.webp,"Health Center of the NC Triangle, NC",12,https://en.wikipedia.org/wiki/Raleigh,_North_Carolina,https://www.raleighnc.gov,https://commons.wikimedia.org/wiki/Category:Raleigh,_North_Carolina,/north-carolina/raleigh-27601.0/downtown/massage-therapy,3,raleighdowntown-massagetherapy
Chapel Hill,University Area,27514,35.9132,-79.0558,University Area Chapel Hill Acupuncture,"Serving residents of University Area, Chapel Hill","<article><p>Acupuncture services form a cornerstone of integrative healing at the Health Center of the Triangle, North Carolina, blending ancient wisdom with modern medical understanding to serve the diverse Chapel Hill university community. Licensed acupuncturists provide traditional Chinese medicine approaches alongside contemporary medical acupuncture techniques for students, faculty, and residents.</p><p>The academic environment of University Area Chapel Hill creates specific health challenges that respond well to acupuncture intervention. Students and faculty benefit from treatments that address academic stress, sleep disorders, anxiety, and the physical strain associated with intensive study and research activities through time-tested acupuncture protocols.</p><p>Traditional acupuncture treatments utilize precise needle placement along meridian pathways to restore energy balance, reduce pain, and promote natural healing processes. Contemporary medical acupuncture integrates traditional techniques with evidence-based applications for chronic pain, neurological conditions, digestive issues, and stress-related disorders common in academic populations.</p><p>Comprehensive treatment protocols address hormonal imbalances, sleep disorders, immune system dysfunction, and mental clarity enhancement through holistic approaches that support academic performance and general wellbeing. Specialized services include stress management acupuncture, study enhancement treatments, and seasonal affective disorder support tailored to university life demands.</p><p>The integrative approach combines acupuncture with herbal medicine, dietary therapy, and lifestyle counseling to create comprehensive wellness plans that address root causes of health imbalances. Advanced techniques such as electroacupuncture and auricular acupuncture provide enhanced therapeutic options for complex conditions and specialized treatment needs.</p><p>Patient education programs help university community members understand traditional Chinese medicine principles and develop self-care practices that support long-term health maintenance and academic success. Community wellness initiatives promote holistic health approaches throughout the Chapel Hill academic environment.</p></article>",chapelhilluniversityarea-acupuncture.webp,"Health Center of the NC Triangle, NC",12,https://en.wikipedia.org/wiki/Chapel_Hill,_North_Carolina,https://www.townofchapelhill.org,https://commons.wikimedia.org/wiki/Category:Chapel_Hill,_North_Carolina,/north-carolina/chapel-hill-27514.0/university-area/acupuncture,3,chapelhilluniversityarea-acupuncture
Cary,Town Center,27519,35.7915,-78.7811,Town Center Cary Pain Management,"Serving residents of Town Center, Cary","<article><p>Pain management represents a specialized focus at the Health Center of the Triangle, North Carolina, providing comprehensive approaches to chronic and acute pain treatment for the health-conscious Cary community. Multidisciplinary pain management teams utilize advanced interventional techniques, integrative therapies, and evidence-based protocols to help patients achieve optimal pain relief.</p><p>The affluent suburban environment of Town Center Cary attracts residents who value comprehensive healthcare solutions for complex pain conditions. Professional practitioners understand the impact of chronic pain on quality of life and provide sophisticated treatment approaches that address both physical pain mechanisms and associated psychological factors.</p><p>Advanced pain management techniques include interventional procedures, therapeutic injections, nerve blocks, and regenerative medicine options designed to target specific pain generators. Comprehensive treatment protocols address chronic back pain, neck pain, arthritis, neuropathic pain, and complex regional pain syndrome through evidence-based interventions tailored to individual pain patterns.</p><p>Integrative approaches combine medical treatments with physical therapy, massage therapy, acupuncture, and mind-body interventions to create holistic pain management strategies. Medication management protocols ensure safe, effective pharmaceutical interventions while minimizing dependency risks and optimizing functional outcomes.</p><p>Multidisciplinary care teams include pain medicine specialists, physical therapists, mental health professionals, and complementary therapy practitioners who collaborate to address all aspects of chronic pain management. Patient education programs empower individuals to understand pain mechanisms and develop effective self-management strategies.</p><p>Advanced diagnostic tools and outcome measurement protocols support precise treatment planning and ensure that interventions deliver measurable improvements in pain levels and functional capacity. Community education initiatives promote understanding of chronic pain conditions and available treatment options.</p></article>",carytowncenter-painmanagement.webp,"Health Center of the NC Triangle, NC",12,https://en.wikipedia.org/wiki/Cary,_North_Carolina,https://www.townofcary.org,https://commons.wikimedia.org/wiki/Category:Cary,_North_Carolina,/north-carolina/cary-27519.0/town-center/pain-management,3,carytowncenter-painmanagement
Hillsborough,Historic District,27278,36.0754,-79.0992,Historic District Hillsborough Nutrition Counseling,"Serving residents of Historic District, Hillsborough","<article><p>Nutrition counseling provides essential dietary guidance at the Health Center of the Triangle, North Carolina, offering evidence-based nutritional therapy and wellness support for the Historic District Hillsborough community. Registered dietitians deliver personalized nutrition assessment and intervention services designed to support optimal health and manage various chronic conditions.</p><p>The charming historic community of Hillsborough values traditional approaches to health and wellness that complement modern nutritional science. Residents benefit from nutrition counseling that honors both evidence-based dietary principles and the community's appreciation for local food traditions, seasonal eating, and sustainable nutrition practices.</p><p>Comprehensive nutritional assessments evaluate dietary patterns, metabolic health, and nutritional status to develop individualized nutrition plans that support specific health goals and medical needs. Medical nutrition therapy addresses diabetes management, cardiovascular health, gastrointestinal disorders, and weight management through targeted dietary interventions and ongoing professional support.</p><p>Specialized nutrition programs include farm-to-table nutrition education, seasonal eating workshops, and local food sourcing guidance that connects residents with the area's agricultural heritage. Family nutrition counseling and cooking classes empower households to implement healthy eating practices while celebrating regional food traditions.</p><p>The integrative approach combines traditional nutrition science with functional medicine principles, addressing nutrient deficiencies, food sensitivities, and metabolic imbalances that impact overall health and vitality. Collaborative care with local healthcare providers ensures that nutrition therapy integrates effectively with medical treatment plans.</p><p>Community nutrition education and wellness programs extend services beyond individual counseling to promote healthy eating habits throughout Historic District Hillsborough. Educational initiatives support local farmers markets and community gardens while teaching residents about seasonal nutrition and sustainable food choices.</p></article>",hillsboroughhistoricdistrict-nutritioncounseling.webp,"Health Center of the NC Triangle, NC",12,https://en.wikipedia.org/wiki/Hillsborough,_North_Carolina,https://www.hillsboroughnc.gov,https://commons.wikimedia.org/wiki/Category:Hillsborough,_North_Carolina,/north-carolina/hillsborough-27278.0/historic-district/nutrition-counseling,3,hillsboroughhistoricdistrict-nutritioncounseling
Carrboro,Main Street,27510,35.9101,-79.0753,Main Street Carrboro Wellness Coaching,"Serving residents of Main Street, Carrboro","<article><p>Wellness coaching offers comprehensive lifestyle guidance at the Health Center of the Triangle, North Carolina, providing holistic health support and personal development services for the progressive Main Street Carrboro community. Certified wellness coaches combine evidence-based coaching techniques with Carrboro's commitment to sustainable living and community wellness.</p><p>The environmentally conscious community of Main Street Carrboro embraces holistic approaches to health and personal development that align with the town's values of sustainability, social responsibility, and individual empowerment. Residents benefit from wellness coaching that integrates personal health goals with environmental awareness and community engagement.</p><p>Comprehensive wellness coaching addresses nutrition optimization, stress management, fitness planning, sleep improvement, and lifestyle modification through collaborative coaching relationships that honor individual values and community connections. Holistic approaches recognize the interconnection between personal health, environmental stewardship, and social wellbeing.</p><p>Specialized coaching programs include sustainable living wellness, stress reduction for activists, healthy aging, and work-life balance for community-minded professionals. Group coaching initiatives and wellness circles provide peer support for shared health goals while strengthening community bonds and mutual accountability.</p><p>Educational programs and wellness workshops extend coaching impact beyond individual sessions, providing practical tools for maintaining optimal health while supporting environmental and social causes. Collaborative relationships with local organizations ensure comprehensive support for complex wellness needs and community involvement.</p><p>Evidence-based coaching approaches incorporate the latest research in behavioral change, positive psychology, and wellness science while honoring Carrboro's progressive values and commitment to social justice. Community wellness initiatives promote health equity and accessible wellness resources for all residents.</p></article>",carrbboromainstreet-wellnesscoaching.webp,"Health Center of the NC Triangle, NC",12,https://en.wikipedia.org/wiki/Carrboro,_North_Carolina,https://www.townofcarrboro.org,https://commons.wikimedia.org/wiki/Category:Carrboro,_North_Carolina,/north-carolina/carrboro-27510.0/main-street/wellness-coaching,3,carrbboromainstreet-wellnesscoaching
Mebane,Downtown,27302,36.0954,-79.2670,Downtown Mebane Sports Medicine,"Serving residents of Downtown Mebane","<article><p>Sports medicine services provide comprehensive athletic healthcare at the Health Center of the Triangle, North Carolina, offering injury prevention, performance optimization, and rehabilitation services for the active Downtown Mebane community. Sports medicine specialists deliver evidence-based care for recreational and competitive athletes of all ages and skill levels.</p><p>The growing community of Downtown Mebane supports active lifestyles and recreational sports participation that benefit from specialized sports medicine interventions. Residents and athletes from surrounding areas access comprehensive athletic healthcare that addresses both injury treatment and performance enhancement through integrated sports medicine approaches.</p><p>Comprehensive sports medicine services include pre-participation evaluations, injury assessment and treatment, biomechanical analysis, and return-to-sport protocols designed to optimize athletic performance while minimizing injury risk. Advanced diagnostic imaging and movement screening support precise diagnosis and targeted treatment planning.</p><p>Specialized treatment programs address sports-related injuries including concussion management, joint injuries, muscle strains, and overuse conditions common in athletic populations. Evidence-based rehabilitation protocols incorporate the latest research in sports medicine and athletic performance enhancement to ensure optimal recovery outcomes.</p><p>Performance optimization services include movement analysis, strength and conditioning consultation, nutrition guidance for athletes, and sport-specific training recommendations designed to enhance competitive performance and prevent injuries. Collaborative care with coaches and athletic trainers ensures comprehensive athletic support.</p><p>Educational programs help athletes understand injury prevention strategies, proper training techniques, and optimal recovery methods. Community sports medicine initiatives promote safe athletic participation and injury prevention throughout Downtown Mebane's recreational and competitive sports programs.</p></article>",mebanedowntown-sportsmedicine.webp,"Health Center of the NC Triangle, NC",12,https://en.wikipedia.org/wiki/Mebane,_North_Carolina,https://www.cityofmebane.com,https://commons.wikimedia.org/wiki/Category:Mebane,_North_Carolina,/north-carolina/mebane-27302.0/downtown/sports-medicine,3,mebanedowntown-sportsmedicine
Fuquay Varina,Historic Downtown,27526,35.5846,-78.8019,Historic Downtown Fuquay Varina Weight Loss,"Serving residents of Historic Downtown, Fuquay Varina","<article><p>Weight loss services provide comprehensive support at the Health Center of the Triangle, North Carolina, offering evidence-based weight management and lifestyle modification programs for the Historic Downtown Fuquay Varina community. Professional weight loss specialists utilize medical, nutritional, and behavioral approaches to help individuals achieve sustainable weight management goals.</p><p>The family-oriented community of Historic Downtown Fuquay Varina values health and wellness approaches that support long-term lifestyle changes and family wellbeing. Residents benefit from weight loss programs that emphasize sustainable habits, family involvement, and community support rather than quick-fix solutions or restrictive dieting approaches.</p><p>Comprehensive weight loss programs include medical evaluation, metabolic assessment, nutritional counseling, and behavioral modification strategies designed to address underlying factors contributing to weight gain. Evidence-based approaches combine medical supervision with lifestyle coaching to ensure safe, effective, and sustainable weight management.</p><p>Specialized services encompass family weight management, diabetes prevention, cardiovascular risk reduction, and metabolic syndrome treatment through integrated medical and lifestyle interventions. Group support programs and family coaching sessions provide peer encouragement and shared accountability for weight management goals.</p><p>The multidisciplinary approach combines medical oversight, registered dietitian consultation, fitness guidance, and behavioral counseling to address all aspects of successful weight management. Advanced metabolic testing and body composition analysis support personalized treatment planning and progress monitoring.</p><p>Educational programs and community workshops promote healthy eating habits, active living, and sustainable lifestyle changes throughout Historic Downtown Fuquay Varina. Family-focused initiatives support household-wide health improvements and the development of healthy habits for children and adults.</p></article>",fuquayvarinhistoricdowntown-weightloss.webp,"Health Center of the NC Triangle, NC",12,https://en.wikipedia.org/wiki/Fuquay-Varina,_North_Carolina,https://www.fuquay-varina.org,https://commons.wikimedia.org/wiki/Category:Fuquay-Varina,_North_Carolina,/north-carolina/fuquay-varina-27526.0/historic-downtown/weight-loss,3,fuquayvarinhistoricdowntown-weightloss
Efland,Village Center,27243,36.0665,-79.1747,Village Center Efland Sleep Therapy,"Serving residents of Village Center, Efland","<article><p>Sleep therapy services provide specialized treatment at the Health Center of the Triangle, North Carolina, offering comprehensive evaluation and intervention for sleep disorders affecting the peaceful Village Center Efland community. Sleep medicine specialists utilize evidence-based diagnostic and therapeutic approaches to address various sleep-related health concerns and optimize sleep quality.</p><p>The rural tranquility of Village Center Efland provides an ideal environment for addressing sleep disorders and promoting healthy sleep patterns. Residents benefit from sleep therapy services that recognize the importance of natural circadian rhythms while addressing modern lifestyle factors that can disrupt sleep quality and duration.</p><p>Comprehensive sleep evaluations include sleep history assessment, sleep study interpretation, and lifestyle factor analysis to identify underlying causes of sleep disturbances. Evidence-based treatment approaches address sleep apnea, insomnia, restless leg syndrome, and circadian rhythm disorders through medical, behavioral, and environmental interventions.</p><p>Specialized therapy programs include cognitive behavioral therapy for insomnia, sleep hygiene education, relaxation training, and environmental modification strategies designed to optimize sleep quality naturally. Family sleep education and pediatric sleep support address sleep issues affecting entire households.</p><p>The integrative approach combines medical sleep treatments with lifestyle modifications, stress management, and environmental optimization to create comprehensive sleep improvement plans. Advanced sleep monitoring technology and therapeutic devices support both diagnosis and treatment of complex sleep disorders.</p><p>Community education programs promote awareness of sleep health importance and provide practical strategies for improving sleep quality throughout Village Center Efland. Wellness initiatives emphasize the connection between quality sleep and overall health, productivity, and quality of life.</p></article>",eflandvillagecenter-sleeptherapy.webp,"Health Center of the NC Triangle, NC",12,https://en.wikipedia.org/wiki/Efland,_North_Carolina,https://www.orangecountync.gov,https://commons.wikimedia.org/wiki/Category:Orange_County,_North_Carolina,/north-carolina/efland-27243.0/village-center/sleep-therapy,3,eflandvillagecenter-sleeptherapy
Charlotte,Uptown,28202,35.2271,-80.8431,Uptown Charlotte Stress Management,"Serving residents of Uptown Charlotte","<article><p>Stress management services provide essential wellness support at the Health Center of the Triangle, North Carolina, offering comprehensive stress reduction and resilience building programs for the high-pressure Uptown Charlotte business environment. Stress management specialists utilize evidence-based techniques and holistic approaches to help professionals manage workplace stress and optimize performance.</p><p>The demanding corporate environment of Uptown Charlotte creates unique stress patterns that require specialized intervention strategies. Business professionals, executives, and urban residents benefit from stress management programs that address work-related pressure, time management challenges, and the physical symptoms of chronic stress exposure.</p><p>Comprehensive stress management approaches include stress assessment, relaxation training, mindfulness-based stress reduction, and cognitive-behavioral strategies designed to build resilience and improve stress response patterns. Evidence-based techniques address anxiety, workplace burnout, and stress-related health conditions through integrated wellness programming.</p><p>Specialized programs encompass executive stress coaching, workplace wellness consulting, and corporate stress management training designed to meet the unique needs of Charlotte's business community. Group stress management workshops and peer support programs provide shared learning experiences and professional networking opportunities.</p><p>The multidisciplinary approach combines psychological techniques, mind-body interventions, lifestyle modifications, and environmental optimization strategies to create comprehensive stress management plans. Advanced stress monitoring and biofeedback tools support personalized intervention planning and progress tracking.</p><p>Corporate wellness initiatives and community education programs extend stress management services beyond individual treatment to promote organizational wellness and community resilience throughout Uptown Charlotte. Professional development workshops integrate stress management with leadership skills and career advancement strategies.</p></article>",charlotteuptown-stressmanagement.webp,"Health Center of the NC Triangle, NC",12,https://en.wikipedia.org/wiki/Charlotte,_North_Carolina,https://www.charlottenc.gov,https://commons.wikimedia.org/wiki/Category:Charlotte,_North_Carolina,/north-carolina/charlotte-28202.0/uptown/stress-management,3,charlotteuptown-stressmanagement
Greensboro,Downtown,27401,36.0726,-79.7920,Downtown Greensboro Back Pain Relief,"Serving residents of Downtown Greensboro","<article><p>Back pain relief services provide specialized treatment at the Health Center of the Triangle, North Carolina, offering comprehensive diagnostic evaluation and therapeutic intervention for chronic and acute back pain conditions affecting Downtown Greensboro residents. Back pain specialists utilize evidence-based medical, physical, and integrative approaches to address various spinal health concerns.</p><p>The diverse urban environment of Downtown Greensboro includes residents with varying occupational demands and lifestyle factors that can contribute to back pain development. Professional practitioners understand the complex nature of spinal conditions and provide comprehensive treatment approaches that address both immediate pain relief and long-term spinal health maintenance.</p><p>Comprehensive back pain evaluation includes diagnostic imaging, movement assessment, and pain pattern analysis to identify underlying causes of spinal dysfunction. Evidence-based treatment approaches combine medical interventions, physical therapy, manual therapy, and lifestyle modifications to address disc problems, muscle strains, and degenerative conditions.</p><p>Specialized treatment programs encompass chronic low back pain management, sciatica treatment, post-surgical rehabilitation, and workplace injury recovery through integrated therapeutic protocols. Advanced interventional procedures and regenerative medicine options provide additional treatment alternatives for complex spinal conditions.</p><p>The multidisciplinary approach integrates medical care, physical therapy, massage therapy, and ergonomic counseling to create comprehensive back pain management strategies. Patient education programs empower individuals to understand spinal anatomy, proper body mechanics, and effective self-care techniques for preventing future episodes.</p><p>Community education initiatives promote back pain prevention and spinal health awareness throughout Downtown Greensboro. Workplace ergonomic consultations and community wellness workshops help residents develop strategies for maintaining spinal health in various occupational and recreational settings.</p></article>",greensborodowntown-backpainrelief.webp,"Health Center of the NC Triangle, NC",12,https://en.wikipedia.org/wiki/Greensboro,_North_Carolina,https://www.greensboro-nc.gov,https://commons.wikimedia.org/wiki/Category:Greensboro,_North_Carolina,/north-carolina/greensboro-27401.0/downtown/back-pain-relief,3,greensborodowntown-backpainrelief
Winston-Salem,Downtown,27101,36.0999,-80.2442,Downtown Winston-Salem Anxiety Treatment,"Serving residents of Downtown Winston-Salem","<article><p>Anxiety treatment services provide comprehensive mental wellness support at the Health Center of the Triangle, North Carolina, offering evidence-based therapeutic interventions and holistic approaches for managing anxiety disorders affecting Downtown Winston-Salem residents. Anxiety specialists utilize proven treatment modalities to help individuals overcome various forms of anxiety and develop effective coping strategies.</p><p>The medical heritage and academic environment of Downtown Winston-Salem creates awareness of mental health importance while providing access to sophisticated anxiety treatment approaches. Residents benefit from comprehensive services that address generalized anxiety, panic disorders, social anxiety, and stress-related anxiety through integrated therapeutic programming.</p><p>Evidence-based anxiety treatments include cognitive-behavioral therapy, mindfulness-based interventions, relaxation training, and exposure therapy techniques designed to reduce anxiety symptoms and improve functional capacity. Specialized approaches address specific anxiety disorders through targeted therapeutic protocols and personalized treatment planning.</p><p>Comprehensive treatment programs encompass individual therapy, group therapy, family education, and crisis intervention services to provide holistic support for anxiety-related mental health needs. Integrative approaches combine traditional therapeutic methods with complementary treatments such as meditation, yoga therapy, and biofeedback training.</p><p>The multidisciplinary approach includes licensed therapists, psychiatrists, and wellness practitioners who collaborate to address all aspects of anxiety management and recovery. Educational programs help individuals and families understand anxiety disorders and develop effective support strategies and coping mechanisms.</p><p>Community mental health initiatives promote anxiety awareness and early intervention throughout Downtown Winston-Salem. Educational workshops and support groups provide peer connection and shared learning experiences while reducing stigma associated with anxiety disorders and mental health treatment.</p></article>",winstonsalemdowntown-anxietytreatment.webp,"Health Center of the NC Triangle, NC",12,https://en.wikipedia.org/wiki/Winston-Salem,_North_Carolina,https://www.cityofws.org,https://commons.wikimedia.org/wiki/Category:Winston-Salem,_North_Carolina,/north-carolina/winston-salem-27101.0/downtown/anxiety-treatment,3,winstonsalemdowntown-anxietytreatment
Asheville,Downtown,28801,35.5951,-82.5515,Downtown Asheville Yoga Therapy,"Serving residents of Downtown Asheville","<article><p>Yoga therapy services provide integrative healing at the Health Center of the Triangle, North Carolina, offering therapeutic yoga applications and mind-body wellness practices for the holistic health-focused Downtown Asheville community. Certified yoga therapists combine traditional yoga wisdom with evidence-based therapeutic techniques to address various physical and mental health conditions.</p><p>The wellness-oriented culture of Downtown Asheville naturally embraces yoga therapy as an essential component of comprehensive healthcare and personal development. Residents benefit from therapeutic yoga approaches that integrate seamlessly with the city's commitment to holistic healing, natural wellness, and mind-body-spirit integration.</p><p>Therapeutic yoga applications include movement therapy, breathwork, meditation, and mindfulness practices designed to address chronic pain, stress disorders, anxiety, depression, and physical rehabilitation needs. Evidence-based protocols combine traditional yoga techniques with contemporary therapeutic understanding to optimize healing outcomes.</p><p>Specialized programs encompass trauma-informed yoga therapy, chronic illness support, addiction recovery yoga, and pain management through movement therapy. Group classes and individual sessions provide flexible treatment options that accommodate varying physical abilities and therapeutic needs.</p><p>The integrative approach combines yoga therapy with other complementary treatments such as massage therapy, acupuncture, and meditation training to create comprehensive wellness plans. Advanced training in yoga therapeutics ensures that practitioners can safely adapt practices for medical conditions and physical limitations.</p><p>Community wellness programs and yoga therapy workshops extend healing benefits throughout Downtown Asheville while honoring the city's reputation as a healing destination. Educational initiatives promote understanding of yoga therapy applications and support the integration of mind-body practices into conventional healthcare approaches.</p></article>",ashevilledowntown-yogatherapy.webp,"Health Center of the NC Triangle, NC",12,https://en.wikipedia.org/wiki/Asheville,_North_Carolina,https://www.ashevillenc.gov,https://commons.wikimedia.org/wiki/Category:Asheville,_North_Carolina,/north-carolina/asheville-28801.0/downtown/yoga-therapy,3,ashevilledowntown-yogatherapy
Fayetteville,Downtown,28301,35.0527,-78.8784,Downtown Fayetteville PTSD Therapy,"Serving residents of Downtown Fayetteville","<article><p>PTSD therapy services provide specialized trauma treatment at the Health Center of the Triangle, North Carolina, offering evidence-based therapeutic interventions for post-traumatic stress disorder affecting military personnel, veterans, and civilians in the Downtown Fayetteville community. Trauma specialists utilize proven therapeutic modalities designed specifically for complex trauma recovery and military-related mental health concerns.</p><p>The proximity to Fort Bragg and the strong military presence in Downtown Fayetteville creates unique mental health needs that require specialized trauma-informed care approaches. Professional practitioners understand military culture, deployment stressors, and combat-related trauma while providing culturally competent therapeutic services for service members and their families.</p><p>Evidence-based PTSD treatments include cognitive processing therapy, prolonged exposure therapy, EMDR (Eye Movement Desensitization and Reprocessing), and trauma-focused cognitive behavioral therapy designed to reduce trauma symptoms and improve functional outcomes. Specialized military protocols address combat exposure, military sexual trauma, and moral injury through targeted therapeutic interventions.</p><p>Comprehensive treatment approaches address complex trauma, co-occurring substance use disorders, depression, anxiety, and relationship issues commonly associated with PTSD. Family therapy and couples counseling programs provide support for military families affected by trauma-related symptoms and deployment-related stressors.</p><p>The trauma-informed care model ensures that all therapeutic environments and interactions promote safety, trust, collaboration, and empowerment for trauma survivors. Group therapy programs connect individuals with shared experiences while providing peer support and collective healing opportunities.</p><p>Collaborative relationships with military healthcare systems, VA services, and community resources ensure comprehensive care coordination for complex trauma cases. Educational programs help families understand PTSD symptoms and develop effective support strategies for their loved ones' recovery journeys.</p></article>",fayettevilledowntown-ptsdtherapy.webp,"Health Center of the NC Triangle, NC",12,https://en.wikipedia.org/wiki/Fayetteville,_North_Carolina,https://www.ci.fayetteville.nc.us,https://commons.wikimedia.org/wiki/Category:Fayetteville,_North_Carolina,/north-carolina/fayetteville-28301.0/downtown/ptsd-therapy,3,fayettevilledowntown-ptsdtherapy
Wilmington,Downtown,28401,34.2257,-77.9447,Downtown Wilmington Hormone Therapy,"Serving residents of Downtown Wilmington","<article><p>Hormone therapy services provide comprehensive endocrine support at the Health Center of the Triangle, North Carolina, offering evidence-based hormone optimization and replacement therapy for Downtown Wilmington residents experiencing hormonal imbalances and age-related hormonal changes. Hormone specialists utilize advanced diagnostic testing and personalized treatment protocols to restore optimal hormonal function.</p><p>The coastal lifestyle and active community of Downtown Wilmington attracts residents who value comprehensive approaches to aging, wellness, and vitality optimization. Professional practitioners understand the complex relationships between hormonal health, quality of life, and overall wellbeing while providing sophisticated hormone therapy services.</p><p>Comprehensive hormone evaluation includes advanced laboratory testing, symptom assessment, and medical history analysis to identify hormonal imbalances affecting energy, mood, sleep, sexual function, and cognitive performance. Evidence-based treatment approaches utilize bioidentical hormone replacement, lifestyle modifications, and nutritional support to optimize hormonal health.</p><p>Specialized programs encompass menopause management, andropause treatment, thyroid optimization, and adrenal support through integrated medical and lifestyle interventions. Personalized treatment protocols address individual hormonal needs while monitoring for safety and effectiveness through ongoing medical supervision.</p><p>The integrative approach combines hormone therapy with nutrition counseling, fitness guidance, stress management, and supplement recommendations to create comprehensive wellness plans that support optimal aging and vitality. Advanced monitoring protocols ensure safe, effective hormone optimization while minimizing potential risks.</p><p>Educational programs help individuals understand hormonal changes associated with aging and lifestyle factors that impact hormonal health. Community wellness initiatives promote awareness of hormone therapy benefits and support informed decision-making about hormonal health optimization throughout the coastal Carolina region.</p></article>",wilmingtondowntown-hormonetherapy.webp,"Health Center of the NC Triangle, NC",12,https://en.wikipedia.org/wiki/Wilmington,_North_Carolina,https://www.wilmingtonnc.gov,https://commons.wikimedia.org/wiki/Category:Wilmington,_North_Carolina,/north-carolina/wilmington-28401.0/downtown/hormone-therapy,3,wilmingtondowntown-hormonetherapy